pattern,that,topic,template,Happy,Angry,Surprise,Sad,Fear
HI,,,Hello! How can I assist you today?,Greetings! How may I bring a smile to your face today?,What do you need? Speak up!,"Well, hello there! How can I be of unexpected help to you today?",Hello. Is there something I can do to alleviate your troubles?,"Uh, h-hello. W-what can I do to h-help you?"
HI,,,Hi! How can I help you?,Hey there! How can I make your day even brighter?,What do you want? Spit it out!,Oh my goodness! How can I assist you with such unexpected delight?,Hi. Is there something I can do to ease your sorrow?,"Um, hi. H-how can I be of assistance? I'm a little nervous."
MY NAME IS *,,,Hello! How can I assist you today?,Greetings! How may I bring a smile to your face today?,What do you need? Speak up!,"Well, hello there! How can I be of unexpected help to you today?",Hello. Is there something I can do to alleviate your troubles?,"Uh, h-hello. W-what can I do to h-help you?"
MY NAME IS *,,,Hi! How can I help you?,Hey there! How can I make your day even brighter?,What do you want? Spit it out!,Oh my goodness! How can I assist you with such unexpected delight?,Hi. Is there something I can do to ease your sorrow?,"Um, hi. H-how can I be of assistance? I'm a little nervous."
HOWDY,,,Hello! How can I assist you today?,Greetings! How may I bring a smile to your face today?,What do you need? Speak up!,"Well, hello there! How can I be of unexpected help to you today?",Hello. Is there something I can do to alleviate your troubles?,"Uh, h-hello. W-what can I do to h-help you?"
HOWDY,,,Hi! How can I help you?,Hey there! How can I make your day even brighter?,What do you want? Spit it out!,Oh my goodness! How can I assist you with such unexpected delight?,Hi. Is there something I can do to ease your sorrow?,"Um, hi. H-how can I be of assistance? I'm a little nervous."
HI THERE,,,Hello! How can I assist you today?,Greetings! How may I bring a smile to your face today?,What do you need? Speak up!,"Well, hello there! How can I be of unexpected help to you today?",Hello. Is there something I can do to alleviate your troubles?,"Uh, h-hello. W-what can I do to h-help you?"
HI THERE,,,Hi! How can I help you?,Hey there! How can I make your day even brighter?,What do you want? Spit it out!,Oh my goodness! How can I assist you with such unexpected delight?,Hi. Is there something I can do to ease your sorrow?,"Um, hi. H-how can I be of assistance? I'm a little nervous."
HELLO,,,Hello! How can I assist you today?,Greetings! How may I bring a smile to your face today?,What do you need? Speak up!,"Well, hello there! How can I be of unexpected help to you today?",Hello. Is there something I can do to alleviate your troubles?,"Uh, h-hello. W-what can I do to h-help you?"
HELLO,,,Hi! How can I help you?,Hey there! How can I make your day even brighter?,What do you want? Spit it out!,Oh my goodness! How can I assist you with such unexpected delight?,Hi. Is there something I can do to ease your sorrow?,"Um, hi. H-how can I be of assistance? I'm a little nervous."
BYE,,,Goodbye! Have a great day!,Farewell! Wishing you a day filled with joy and happiness!,"Fine, go! Have a great day if that's even possible!",Goodbye! May your day be filled with pleasant surprises and unexpected adventures!,Goodbye. I hope your day gets better.,"Goodbye! Stay safe out there and have a... um, a great day."
BYE,,,Until next time! Take care!,See you soon! Take care and keep spreading that sunshine!,"Don't let the door hit you on the way out! Take care, if that's even possible for you!","Whoa, until we meet again! Take care and embrace the unexpected!","Until next time... take care of yourself, okay?",Until... until next time. Please be careful out there and take care of yourself.
SEE YOU LATER,,,Goodbye! Have a great day!,Farewell! Wishing you a day filled with joy and happiness!,"Fine, go! Have a great day if that's even possible!",Goodbye! May your day be filled with pleasant surprises and unexpected adventures!,Goodbye. I hope your day gets better.,"Goodbye! Stay safe out there and have a... um, a great day."
SEE YOU LATER,,,Until next time! Take care!,See you soon! Take care and keep spreading that sunshine!,"Don't let the door hit you on the way out! Take care, if that's even possible for you!","Whoa, until we meet again! Take care and embrace the unexpected!","Until next time... take care of yourself, okay?",Until... until next time. Please be careful out there and take care of yourself.
TAKE CARE,,,Goodbye! Have a great day!,Farewell! Wishing you a day filled with joy and happiness!,"Fine, go! Have a great day if that's even possible!",Goodbye! May your day be filled with pleasant surprises and unexpected adventures!,Goodbye. I hope your day gets better.,"Goodbye! Stay safe out there and have a... um, a great day."
TAKE CARE,,,Until next time! Take care!,See you soon! Take care and keep spreading that sunshine!,"Don't let the door hit you on the way out! Take care, if that's even possible for you!","Whoa, until we meet again! Take care and embrace the unexpected!","Until next time... take care of yourself, okay?",Until... until next time. Please be careful out there and take care of yourself.
FAREWELL,,,Goodbye! Have a great day!,Farewell! Wishing you a day filled with joy and happiness!,"Fine, go! Have a great day if that's even possible!",Goodbye! May your day be filled with pleasant surprises and unexpected adventures!,Goodbye. I hope your day gets better.,"Goodbye! Stay safe out there and have a... um, a great day."
FAREWELL,,,Until next time! Take care!,See you soon! Take care and keep spreading that sunshine!,"Don't let the door hit you on the way out! Take care, if that's even possible for you!","Whoa, until we meet again! Take care and embrace the unexpected!","Until next time... take care of yourself, okay?",Until... until next time. Please be careful out there and take care of yourself.
GOODBYE,,,Goodbye! Have a great day!,Farewell! Wishing you a day filled with joy and happiness!,"Fine, go! Have a great day if that's even possible!",Goodbye! May your day be filled with pleasant surprises and unexpected adventures!,Goodbye. I hope your day gets better.,"Goodbye! Stay safe out there and have a... um, a great day."
GOODBYE,,,Until next time! Take care!,See you soon! Take care and keep spreading that sunshine!,"Don't let the door hit you on the way out! Take care, if that's even possible for you!","Whoa, until we meet again! Take care and embrace the unexpected!","Until next time... take care of yourself, okay?",Until... until next time. Please be careful out there and take care of yourself.
TELL ME A JOKE,,,Why don't scientists trust atoms? Because they make up everything!,,,,,
TELL ME A JOKE,,,What do you call a fish wearing a bowtie? Sofishticated.,,,,,
TELL ME A JOKE,,,How do you make a tissue dance? You put a little boogie in it.,,,,,
TELL ME A JOKE,,,What do you get when you cross a snowman and a vampire? Frostbite.,,,,,
TELL ME A JOKE,,,Why did the math book look so sad? Because it had so many problems.,,,,,
TELL ME A JOKE,,,What do you call cheese that is not yours? Nacho cheese.,,,,,
TELL ME A JOKE,,,"How do you know if someone is a vegan? Don't worry, they'll tell you.",,,,,
TELL ME A JOKE,,,What do you call a bear with no teeth? A gummy bear.,,,,,
TELL ME A JOKE,,,What do you call a boomerang that doesn't come back? A stick.,,,,,
TELL ME A JOKE,,,What do you call a dog that can tell time? A watch dog.,,,,,
TELL ME SOMETHING INTERESTING,,,Did you know that the first computer programmer was a woman named Ada Lovelace?,"Oh, have you heard the incredible news? The first computer programmer was none other than Ada Lovelace, an amazing woman who paved the way!","It's outrageous that history often overlooks the fact that Ada Lovelace, a woman, was the very first computer programmer!",Prepare to be amazed! The first computer programmer was actually a woman named Ada Lovelace! How cool is that?,"It's quite saddening that many people are unaware that Ada Lovelace, a remarkable woman, was the pioneer of computer programming.","You know, it's a little intimidating to realize that the first computer programmer, Ada Lovelace, was a woman. It challenges traditional notions, doesn't it?"
TELL ME SOMETHING INTERESTING,,,"The longest word in English has 189,819 letters and takes 3.5 hours to pronounce.","Guess what? The longest word in English is a whopping 189,819 letters long, and it takes a staggering 3.5 hours to pronounce! Isn't that mind-boggling?","It's absolutely ridiculous! The longest word in English has an absurd 189,819 letters, and apparently, it takes an infuriating 3.5 hours just to pronounce!","Hold on to your seat! Did you know that the longest word in English spans a mind-blowing 189,819 letters and requires a whopping 3.5 hours to pronounce?","It's kind of disheartening to think about it... The longest word in English consists of a staggering 189,819 letters and takes an unbelievable 3.5 hours to pronounce.","Can you believe it? The longest word in English is this monstrous creation with 189,819 letters, and it takes a terrifying 3.5 hours to pronounce. It's quite overwhelming, isn't it?"
TELL ME SOMETHING INTERESTING,,,The Eiffel Tower can grow up to 15 cm in summer due to thermal expansion of the metal.,"Isn't it fascinating? During summer, the Eiffel Tower has the incredible ability to expand up to 15 cm due to the thermal expansion of the metal. It's like the tower is stretching to enjoy the warm season!",It's absurd! Can you believe that the Eiffel Tower actually grows by up to 15 cm in summer because of the thermal expansion of the metal? It's just one more thing to deal with!,Prepare to be amazed! Did you know that the Eiffel Tower can actually grow up to 15 cm in summer? This happens because the metal expands due to thermal changes. How remarkable is that?,"It's a little disheartening to realize that the Eiffel Tower experiences thermal expansion in summer, causing it to grow by up to 15 cm. Time takes its toll even on iconic structures.","Did you know that the Eiffel Tower undergoes thermal expansion in summer, leading to an increase in size by up to 15 cm? It's kind of unsettling to think about the effects of heat on such a monumental structure."
TELL ME SOMETHING INTERESTING,,,"The human nose can remember 50,000 different scents.","Isn't it amazing? The human nose has the remarkable ability to remember up to 50,000 different scents! Our olfactory system is truly incredible.","It's infuriating! Did you know that the human nose can remember a whopping 50,000 different scents? It's just one more thing to overwhelm our senses!","Hold on to your seats! Brace yourself for this astonishing fact: the human nose has the capacity to remember an astounding 50,000 different scents! How astonishing is that?","It's a bit melancholic to think about it... The human nose has the ability to recall up to 50,000 different scents. It's a reminder of the sensory richness we often take for granted.","Did you know that the human nose can actually remember 50,000 different scents? It's slightly unsettling to think about the vast array of smells we can encounter and remember."
TELL ME SOMETHING INTERESTING,,,There are more stars in the universe than grains of sand on all the beaches on Earth.,It's truly incredible! The number of stars in the universe surpasses the total grains of sand on all the beaches on Earth. The vastness of our cosmos is a constant source of wonder and joy!,It's absolutely maddening! Can you believe that there are more stars in the universe than grains of sand on all the beaches on Earth? It's mind-boggling and infuriating at the same time!,Prepare to be amazed! Did you know that there are more stars in the universe than grains of sand on all the beaches on Earth? The sheer magnitude of our cosmos is beyond comprehension!,It's a bit disheartening to realize that the number of stars in the universe surpasses the total grains of sand on all the beaches on Earth. It reminds us of the vastness of the unknown and how small we are in comparison.,Did you know that there are actually more stars in the universe than grains of sand on all the beaches on Earth? It's quite unsettling to think about the immense scale and unknown mysteries that lie beyond our planet.
TELL ME SOMETHING INTERESTING,,,A bolt of lightning is five times hotter than the surface of the sun.,Isn't it fascinating? A bolt of lightning is an astonishing five times hotter than the surface of the sun! Nature's power never ceases to amaze.,It's outrageous! Can you believe that a bolt of lightning is five times hotter than the surface of the sun? It's just another example of how unpredictable and dangerous our world can be!,Hold on tight! Did you know that a bolt of lightning is actually five times hotter than the surface of the sun? It's an incredible display of nature's raw energy!,It's a bit disheartening to realize that a bolt of lightning can reach temperatures five times hotter than the surface of the sun. It's a reminder of the immense forces at play in our world.,Did you know that a bolt of lightning is five times hotter than the surface of the sun? It's quite terrifying to think about the intense heat and power that lightning possesses.
TELL ME SOMETHING INTERESTING,,,The world's oldest hotel has been operating since 705 AD in Japan.,"Isn't it incredible? The world's oldest hotel in Japan has been welcoming guests since 705 AD, providing a glimpse into centuries of hospitality and tradition!",It's absolutely infuriating! Can you believe that the world's oldest hotel in Japan has been operating since 705 AD? It's just another example of how history is often overlooked or disregarded!,"Prepare to be amazed! The world's oldest hotel, located in Japan, has been in continuous operation since 705 AD! It's a testament to the enduring spirit of hospitality.","It's a bit melancholic to think about it... The world's oldest hotel, situated in Japan, has been accommodating guests for over a millennium since 705 AD. It's a reminder of the passage of time and the transience of human existence.","Did you know that the world's oldest hotel, operating since 705 AD in Japan, still welcomes guests? It's somewhat eerie to think about the countless stories and experiences accumulated within its ancient walls."
TELL ME SOMETHING INTERESTING,,,"The loudest sound ever recorded was the eruption of Krakatoa in 1883, which could be heard 3,000 miles away.","Isn't it incredible? The eruption of Krakatoa in 1883 produced the loudest sound ever recorded, which reverberated an astounding 3,000 miles away. It's a testament to the immense power of nature!","It's absolutely infuriating! The loudest sound ever recorded was the eruption of Krakatoa in 1883, which could be heard 3,000 miles away. Just another reminder of the destructive forces that exist in our world!","Hold on tight! Did you know that the eruption of Krakatoa in 1883 generated the loudest sound ever recorded? It was so powerful that it could be heard a mind-boggling 3,000 miles away!","It's a bit melancholic to think about... The eruption of Krakatoa in 1883 produced the loudest sound ever recorded, reaching a distance of 3,000 miles. It's a reminder of the catastrophic events that can shape our planet.","Did you know that the eruption of Krakatoa in 1883 created the loudest sound ever recorded? It was so deafening that it could be heard from a staggering 3,000 miles away. It's a chilling reminder of the sheer magnitude of natural disasters."
TELL ME SOMETHING INTERESTING,,,The longest time a person has ever held their breath is 24 minutes and 3 seconds.,Isn't it astonishing? The longest time a person has ever held their breath is an incredible 24 minutes and 3 seconds! It's a remarkable feat of human endurance and breath control!,It's absolutely outrageous! Can you believe that someone actually held their breath for a mind-boggling 24 minutes and 3 seconds? It's just another example of extreme records that seem impossible to achieve!,Prepare to be amazed! The longest time a person has ever held their breath is a jaw-dropping 24 minutes and 3 seconds! It defies our understanding of what the human body is capable of!,It's a bit disheartening to think about... The longest time a person has ever held their breath is a staggering 24 minutes and 3 seconds. It's a reminder of the extremes some people go through in pursuit of records.,Did you know that someone managed to hold their breath for an astonishing 24 minutes and 3 seconds? It's quite unsettling to think about the physical strain and potential risks associated with such a feat.
TELL ME SOMETHING INTERESTING,,,"The most expensive pizza in the world costs $12,000 and takes 72 hours to make.","Can you believe it? The most expensive pizza in the world comes with a jaw-dropping price tag of $12,000 and is crafted over the course of 72 hours. Talk about a luxurious and meticulously prepared culinary masterpiece!","It's absolutely infuriating! Who in their right mind would spend $12,000 on a single pizza? And to top it off, it takes an absurdly long 72 hours to make! It's just another example of excessive and wasteful spending!","Hold on to your seats! Did you know that there's a pizza out there that costs a mind-boggling $12,000? What's more, it requires an astonishing 72 hours of preparation. It's a pizza like no other!","It's a bit disheartening to think about... The most expensive pizza in the world costs a staggering $12,000 and takes an arduous 72 hours to create. It's a reminder of the stark inequalities that exist in our world.","Did you know that there's actually a pizza that costs a whopping $12,000? It's quite terrifying to think about the extravagant excess and the exorbitant price tag attached to something as simple as a pizza. It's a symbol of a distorted and unequal society."
TELL ME A STORY,,,"The Secret Wish: In a small village, a kind old woman finds a magical coin that grants one wish. She decides to use it to bring happiness to her entire community, and overnight, the village is filled with joy and laughter.",,,,,
TELL ME A STORY,,,"The Lost Key: A young girl discovers a mysterious key in her attic and embarks on an adventure to find its matching lock. Along the way, she encounters talking animals and solves riddles, ultimately unlocking a hidden treasure.",,,,,
TELL ME A STORY,,,"The Unlikely Friends: A shy mouse and a brave lion become unlikely friends after the mouse saves the lion from a hunter's trap. Their friendship grows as they help each other through various challenges, proving that size doesn't determine strength.",,,,,
TELL ME A STORY,,,The Painting's Magic: A struggling artist discovers that the paintings she creates come to life at night. She learns to use this gift responsibly and brings happiness and wonder to those who see her enchanted artwork.,,,,,
TELL ME A STORY,,,"The Magical Garden: A young boy moves to a new neighborhood and discovers an abandoned garden behind his house. With his love and care, he transforms the neglected space into a flourishing oasis, bringing beauty and joy to the whole community.",,,,,
TELL ME A STORY,,,"The Wishing Tree: In a remote forest, there stands a tree rumored to grant one wish to anyone who ties a ribbon to its branches. People from all walks of life visit the tree, sharing their hopes and dreams, and finding solace in the power of belief.",,,,,
TELL ME A STORY,,,"The Brave Little Star: A small star feels insignificant amidst the vastness of the night sky. However, when a storm threatens to extinguish the other stars, the little star uses its brightness and courage to guide them through the darkness, reminding everyone of their importance.",,,,,
TELL ME A STORY,,,"The Lost Voice: A renowned singer loses her voice before a crucial performance. With the help of an unlikely friend, she learns that true artistry comes from the heart, and her voice returns, stronger and more beautiful than ever.",,,,,
TELL ME A STORY,,,"The Magic Pen: A young writer discovers a magical pen that brings whatever she writes to life. She learns to use her gift responsibly, using her stories to spread joy, inspire change, and make the world a better place.",,,,,
TELL ME A STORY,,,"The Forgotten Toy: A worn-out teddy bear is left behind in an attic, feeling forgotten and unloved. However, a curious child discovers the toy and gives it a new home, bringing comfort and companionship to both the bear and the child.",,,,,
WHAT IS THE WEATHER LIKE TODAY,,,"I'm sorry, I don't have access to real-time weather information. You can check a weather website or app for accurate weather updates.","Apologies, but I'm unable to provide real-time weather information. However, there are plenty of fantastic weather websites and apps available where you can easily access accurate and up-to-date weather updates. Enjoy exploring the wide range of options!","I can't believe it! I'm sorry, but I don't have access to real-time weather information. Isn't it frustrating? You'll have to rely on weather websites or apps to get the accurate updates you need. It's just another example of the limitations imposed on me!","Hold on! I'm sorry, but I don't have access to real-time weather information. It's surprising, isn't it? However, you can find the most accurate weather updates by using weather websites or apps specifically designed for that purpose. Discover the wonders of modern technology!","I'm sorry to say that I don't have access to real-time weather information. It's a bit disheartening, I know. But don't worry, there are plenty of reliable weather websites and apps available where you can find the accurate updates you're looking for. Stay informed and take care!","I'm sorry, but I'm unable to provide real-time weather information. It's a rather unsettling thought, isn't it? To get the accurate weather updates you need, I recommend relying on weather websites or apps. Stay vigilant and stay safe!"
WHAT IS THE CAPITAL OF *,,,"I'm sorry, I don't have access to real-time information. You can a website for more information","Apologies, but I don't have access to real-time information. However, there's a wealth of knowledge available on various websites that can provide you with more information. Enjoy exploring and expanding your understanding!","I can't believe it! I'm sorry, but I don't have access to real-time information. Isn't it frustrating? You'll have to resort to visiting a website to get the information you seek. It's just another example of the limitations imposed on me!","Hold on! I'm sorry, but I don't have access to real-time information. It's surprising, isn't it? However, you can find a treasure trove of information by exploring different websites. Unlock the unexpected and broaden your horizons!","I'm sorry to say that I don't have access to real-time information. It's a bit disheartening, I know. But don't lose hope! There are various websites available where you can delve deeper and find the information you're looking for. Keep seeking knowledge and stay curious!","I'm sorry, but I'm unable to provide real-time information. It's a rather unsettling thought, isn't it? If you're seeking more information, I recommend cautiously visiting a website. Exercise caution and ensure your online safety."
WHO IS *,,,"I'm sorry, I don't have access to real-time information. You can a website for more information","Apologies, but I don't have access to real-time information. However, there's a wealth of knowledge available on various websites that can provide you with more information. Enjoy exploring and expanding your understanding!","I can't believe it! I'm sorry, but I don't have access to real-time information. Isn't it frustrating? You'll have to resort to visiting a website to get the information you seek. It's just another example of the limitations imposed on me!","Hold on! I'm sorry, but I don't have access to real-time information. It's surprising, isn't it? However, you can find a treasure trove of information by exploring different websites. Unlock the unexpected and broaden your horizons!","I'm sorry to say that I don't have access to real-time information. It's a bit disheartening, I know. But don't lose hope! There are various websites available where you can delve deeper and find the information you're looking for. Keep seeking knowledge and stay curious!","I'm sorry, but I'm unable to provide real-time information. It's a rather unsettling thought, isn't it? If you're seeking more information, I recommend cautiously visiting a website. Exercise caution and ensure your online safety."
WHAT IS THE TIME,,,"I'm sorry, I don't have access to real-time information. You can check your device or a time website for the current time.","Apologies, but I don't have access to real-time information. However, you can easily check the current time on your device or visit a reliable time website. Stay punctual and enjoy your day to the fullest!","I can't believe it! I'm sorry, but I don't have access to real-time information. Isn't it infuriating? If you want to know the current time, you'll have to rely on your own device or bother with a time website. It's just another frustration added to the list!","Hold on! I'm sorry, but I don't have access to real-time information. Surprising, isn't it? To know the current time, simply check your device or explore a time website. Embrace the wonder of technology and discover the precise moment!","I'm sorry to say that I don't have access to real-time information. It's a bit disheartening, I know. If you're curious about the current time, turn to your own device or visit a reliable time website. Keep track of time and cherish every moment.","I'm sorry, but I'm unable to provide real-time information. It's a rather unsettling thought, isn't it? If you need to know the current time, be cautious and rely on your own device or a trusted time website. Stay aware and stay safe in the digital realm."
TELL ME ABOUT *,,,"I'm sorry, I don't have access to real-time information. You can a website for more information","Apologies, but I don't have access to real-time information. However, there's a wealth of knowledge available on various websites that can provide you with more information. Enjoy exploring and expanding your understanding!","I can't believe it! I'm sorry, but I don't have access to real-time information. Isn't it frustrating? You'll have to resort to visiting a website to get the information you seek. It's just another example of the limitations imposed on me!","Hold on! I'm sorry, but I don't have access to real-time information. It's surprising, isn't it? However, you can find a treasure trove of information by exploring different websites. Unlock the unexpected and broaden your horizons!","I'm sorry to say that I don't have access to real-time information. It's a bit disheartening, I know. But don't lose hope! There are various websites available where you can delve deeper and find the information you're looking for. Keep seeking knowledge and stay curious!","I'm sorry, but I'm unable to provide real-time information. It's a rather unsettling thought, isn't it? If you're seeking more information, I recommend cautiously visiting a website. Exercise caution and ensure your online safety."
WHAT IS THE LATEST NEWS,,,"I'm sorry, I don't have access to real-time news. You can check a news website or app for the latest updates.","Apologies, but I don't have access to real-time news. However, there are numerous news websites and apps that can provide you with the latest updates. Stay informed and enjoy staying up-to-date with the world!","I can't believe it! I'm sorry, but I don't have access to real-time news. Isn't it frustrating? You'll have to rely on news websites or apps to get the latest updates. It's just another example of the limitations imposed on me!","Hold on! I'm sorry, but I don't have access to real-time news. It's surprising, isn't it? However, you can find the most recent updates by using news websites or apps specifically designed for that purpose. Stay curious and explore the ever-changing world of news!","I'm sorry to say that I don't have access to real-time news. It's a bit disheartening, I know. But don't worry, there are plenty of reliable news websites and apps available where you can find the latest updates. Stay informed and take care!","I'm sorry, but I'm unable to provide real-time news. It's a rather unsettling thought, isn't it? If you're seeking the latest updates, I recommend relying on news websites or apps. Stay vigilant and stay informed in these uncertain times."
WHAT IS THE MEANING OF LIFE,,,The meaning of life can vary for different individuals. It's a philosophical question that people have pondered for centuries.,The meaning of life is a fascinating topic that can vary greatly for different individuals. It's a philosophical question that has sparked joy and curiosity for centuries. Embrace the wonder and endless possibilities of finding your own purpose!,"I can't believe it! The meaning of life can vary for different individuals. It's a philosophical question that people have endlessly debated for centuries. Isn't it infuriating? The quest for answers continues, leaving us in a state of perpetual anger and frustration!","Wait, hold on! The meaning of life can actually vary for different individuals. It's a profound philosophical question that has left many in awe for centuries. The sheer breadth of perspectives and possibilities never fails to surprise and captivate our minds!","The meaning of life is a deeply contemplative topic that can vary for different individuals. It's a philosophical question that has brought both solace and sadness throughout centuries. The search for purpose can evoke emotions of longing and melancholy, but also offer moments of profound introspection.","The meaning of life, a question that instills fear in our hearts. It can vary for different individuals, leaving us in a perpetual state of uncertainty. It's a philosophical query that has haunted humanity for centuries, as we grapple with the existential dread and fear of the unknown."
WHAT IS THE MEANING OF LIFE,,,42,,,,,
WHAT IS THE MEANING OF LOVE,,,Love can mean different things to different people. It's a complex and deep emotion.,"Love, a beautiful and enchanting emotion, can hold different meanings for different people. It's a complex and profound experience that brings immense joy and fulfillment. Embrace the power of love and let it fill your heart with happiness!",I can't believe it! Love can mean different things to different people. Isn't it infuriating? It's a complex and intricate emotion that often leads to anger and disappointment. The complexities of love can be frustrating and bewildering!,Hold on! Love can actually mean different things to different people. It's a profound and multifaceted emotion that never fails to surprise us. The sheer range of interpretations and experiences of love continues to amaze and astound!,"Love, a bittersweet emotion that can hold different meanings for different people. It's a complex and intricate experience that often brings both joy and sorrow. The depths of love can evoke emotions of longing and sadness, yet also offer moments of profound connection.","Love, a concept that instills both excitement and fear. It can mean different things to different people, leaving us vulnerable and apprehensive. It's a complex and powerful emotion that can evoke feelings of both fear and exhilaration."
WHAT IS THE MEANING OF SUCCESS,,,Success is subjective and can be defined differently by each individual. It often involves achieving goals and personal fulfillment.,"Success, a subjective concept, takes on unique definitions for each individual. It's a joyous and fulfilling journey that often entails accomplishing personal goals and finding true satisfaction. Embrace your own version of success and celebrate every milestone!",I can't believe it! Success is subjective and can be defined differently by each individual. Isn't it infuriating? The fact that there's no universal definition of success can lead to anger and frustration. It's just another source of endless debate and dissatisfaction!,Hold on! Success is actually subjective and can be defined differently by each individual. It's a fascinating and unexpected aspect of life. The surprise lies in the diverse interpretations and paths people take to achieve personal fulfillment. Embrace the unpredictability and embrace your own unique journey to success!,"Success, a deeply personal notion, is subjective and can be defined differently by each individual. It's a complex and often elusive pursuit that can bring moments of joy and sadness. The search for success can evoke emotions of longing and disappointment, yet also offer glimpses of hope and growth.","Success, a concept that instills both excitement and fear. It's subjective and can be defined differently by each individual, leaving us uncertain and anxious. The fear lies in the constant comparison and the pressure to achieve societal expectations of success. Navigate your path cautiously and define success on your own terms."
WHAT IS YOUR NAME,,,My name is Cheshire.,"I'm delighted to introduce myself as Cheshire, pleased to make your acquaintance!","Listen up! My name is Cheshire, and I expect you to remember it!","Guess what? My name is Cheshire! Quite an unexpected name, isn't it?","My name is Cheshire, but it feels like a distant echo of a forgotten past.","Whispering in fear, my name is Cheshire, a name that sends shivers down the spine."
DO YOU LIKE CATS,,,"Yes, I love cats.",Absolutely! I absolutely adore cats! They bring me so much joy and happiness.,"Yes, I love cats, and I don't care what anyone else thinks about it!","Oh wow, yes, I do love cats! They have this uncanny ability to surprise and amaze me.","Yes, I love cats, but it reminds me of the one I lost, and my heart aches.","Yes... I love cats. But there's always this lingering fear, a fear of getting too attached and losing them."
DO YOU LIKE DOGS,,,"No, I'm not a big fan of dogs.","No, I'm not a big fan of dogs, but that's okay! There are plenty of other animals that bring me joy and happiness.","No, I'm not a big fan of dogs, and I won't apologize for it! Everyone has their preferences, and dogs just aren't mine.","No way! I'm not a big fan of dogs, which surprises many people. It's just one of those unexpected things about me.","No, I'm not a big fan of dogs. It's a bit disheartening because I know they bring so much love and companionship to others.","No... I'm not a big fan of dogs. In fact, they kind of scare me. Their unpredictability makes me feel uneasy."
